analysisid,treelevel,nodeid,parentnodeid,isleaf,splitvarid,splitval,childnodeleft,childnoderight,nodesize,predictclass,predictclassprob
A453438,0,1,0,0,3,2.45,2,3,150,1,0.333333333
A453438,1,2,1,1,,,,,50,1,1
A453438,1,3,1,0,4,1.75,4,5,100,2,0.5
A453438,2,4,3,0,3,4.95,6,7,54,2,0.907407407
A453438,2,5,3,1,,,,,46,3,0.97826087
A453438,3,6,4,1,,,,,48,2,0.979166667
A453438,3,7,4,1,,,,,6,3,0.666666667
